{
  "description": "PolynomialFeatures (degree=2) fixture from scikit-learn",
  "sklearn_version": "1.7.2",
  "random_state": 42,
  "input": {
    "X": [
      [
        0.30471707975443135,
        -1.0399841062404955,
        0.7504511958064572
      ],
      [
        0.9405647163912139,
        -1.9510351886538364,
        -1.302179506862318
      ],
      [
        0.12784040316728537,
        -0.3162425923435822,
        -0.016801157504288795
      ],
      [
        -0.85304392757358,
        0.8793979748628286,
        0.7777919354289483
      ],
      [
        0.06603069756121605,
        1.1272412069680329,
        0.4675093422520456
      ],
      [
        -0.8592924628832382,
        0.36875078408249884,
        -0.9588826008289989
      ],
      [
        0.8784503013072725,
        -0.049925910986252896,
        -0.18486236354526056
      ],
      [
        -0.6809295444039414,
        1.2225413386740303,
        -0.15452948206880215
      ],
      [
        -0.4283278221631072,
        -0.3521335504882296,
        0.5323091855533487
      ],
      [
        0.36544406436407834,
        0.4127326115959884,
        0.43082100300788273
      ],
      [
        2.1416476008704612,
        -0.4064150163846156,
        -0.5122427290715373
      ],
      [
        -0.8137727282478777,
        0.6159794225754956,
        1.1289722927208916
      ],
      [
        -0.11394745765487507,
        -0.840156476962528,
        -0.8244812156912396
      ],
      [
        0.6505927878247011,
        0.7432541712034423,
        0.543154268305195
      ],
      [
        -0.6655097072886943,
        0.23216132306671977,
        0.11668580914072822
      ],
      [
        0.21868859672901295,
        0.8714287779481898,
        0.22359554877468227
      ],
      [
        0.6789135630718949,
        0.06757906948889146,
        0.28911939868998415
      ],
      [
        0.6312882258385404,
        -1.4571558198556664,
        -0.31967121635730134
      ],
      [
        -0.4703726542927955,
        -0.6388778482433419,
        -0.27514225122668373
      ],
      [
        1.4949413112343959,
        -0.8658311156932432,
        0.9682783545914808
      ]
    ]
  },
  "params": {
    "degree": 2,
    "include_bias": false,
    "interaction_only": false
  },
  "expected": {
    "n_output_features": 9,
    "transformed": [
      [
        0.30471707975443135,
        -1.0399841062404955,
        0.7504511958064572,
        0.09285249869406847,
        -0.3169009198446261,
        0.2286752968843646,
        1.0815669412328424,
        -0.7804573161478896,
        0.5631769972873416
      ],
      [
        0.9405647163912139,
        -1.9510351886538364,
        -1.302179506862318,
        0.8846619857200846,
        -1.8350748588854742,
        -1.224784098562407,
        3.806538307365511,
        2.5405980398322825,
        1.6956714680921898
      ],
      [
        0.12784040316728537,
        -0.3162425923435822,
        -0.016801157504288795,
        0.01634316868197407,
        -0.04042858050387102,
        -0.0021478667490253418,
        0.10000937721218912,
        0.005313241603529119,
        0.00028227889348391973
      ],
      [
        -0.85304392757358,
        0.8793979748628286,
        0.7777919354289483,
        0.7276839423701593,
        -0.7501651023772397,
        -0.6634906874333665,
        0.7733407981928441,
        0.6839886528808571,
        0.6049602948183093
      ],
      [
        0.06603069756121605,
        1.1272412069680329,
        0.4675093422520456,
        0.004360053020420782,
        0.07443252321584631,
        0.030869967985287863,
        1.2706727386867476,
        0.5269957952290271,
        0.2185649850929403
      ],
      [
        -0.8592924628832382,
        0.36875078408249884,
        -0.9588826008289989,
        0.7383835367679413,
        -0.31686476944437564,
        0.8239605916822355,
        0.13597714076145767,
        -0.3535887108987591,
        0.9194558421725852
      ],
      [
        0.8784503013072725,
        -0.049925910986252896,
        -0.18486236354526056,
        0.7716749318668379,
        -0.043857431548913924,
        -0.1623923989567087,
        0.0024925965878072475,
        0.009229421907069001,
        0.03417409345554008
      ],
      [
        -0.6809295444039414,
        1.2225413386740303,
        -0.15452948206880215,
        0.46366504444215917,
        -0.832464516758292,
        0.10522368982208648,
        1.4946073247668898,
        -0.18891867987299793,
        0.023879360828452247
      ],
      [
        -0.4283278221631072,
        -0.3521335504882296,
        0.5323091855533487,
        0.1834647232389904,
        0.15082859679118593,
        -0.2280028341654832,
        0.12399803737944654,
        -0.1874439234663985,
        0.28335306902446944
      ],
      [
        0.36544406436407834,
        0.4127326115959884,
        0.43082100300788273,
        0.13354936417893662,
        0.15083068307723854,
        0.15744097835260948,
        0.17034820867484501,
        0.17781387770184662,
        0.1856067366327181
      ],
      [
        2.1416476008704612,
        -0.4064150163846156,
        -0.5122427290715373,
        4.586654446314203,
        -0.8703977447978412,
        -1.0970434117793957,
        0.16517316554290734,
        0.20818313712850905,
        0.2623926134866564
      ],
      [
        -0.8137727282478777,
        0.6159794225754956,
        1.1289722927208916,
        0.6622260532399943,
        -0.5012672552538134,
        -0.9187268627637416,
        0.379430649036441,
        0.6954237009739482,
        1.2745784377314666
      ],
      [
        -0.11394745765487507,
        -0.840156476962528,
        -0.8244812156912396,
        0.012984023106009547,
        0.09573369458215669,
        0.09394753841221744,
        0.7058629057820869,
        0.692693233496934,
        0.6797692750277042
      ],
      [
        0.6505927878247011,
        0.7432541712034423,
        0.543154268305195,
        0.42327097556951654,
        0.4835558033055852,
        0.35337224963556246,
        0.5524267630113159,
        0.4037016755247898,
        0.2950165591781517
      ],
      [
        -0.6655097072886943,
        0.23216132306671977,
        0.11668580914072822,
        0.44290317049548356,
        -0.15450561415788866,
        -0.07765553868599048,
        0.05389887992808983,
        0.027089931833222208,
        0.013615578054826454
      ],
      [
        0.21868859672901295,
        0.8714287779481898,
        0.22359554877468227,
        0.04782470233930485,
        0.19057153659876827,
        0.04889779679638884,
        0.7593881150362756,
        0.19484759582337624,
        0.04999496943185132
      ],
      [
        0.6789135630718949,
        0.06757906948889146,
        0.28911939868998415,
        0.46092362612297577,
        0.04588034685578648,
        0.19628708111782087,
        0.00456693063298442,
        0.019538419934656954,
        0.08359002669885801
      ],
      [
        0.6312882258385404,
        -1.4571558198556664,
        -0.31967121635730134,
        0.39852482408237194,
        -0.9198853122869874,
        -0.20180467502584895,
        2.1233030833392394,
        0.46581077335538157,
        0.10218968656735657
      ],
      [
        -0.4703726542927955,
        -0.6388778482433419,
        -0.27514225122668373,
        0.22125043390644972,
        0.3005106692470905,
        0.1294193910175904,
        0.40816490497604263,
        0.1757822894245327,
        0.07570325841008754
      ],
      [
        1.4949413112343959,
        -0.8658311156932432,
        0.9682783545914808,
        2.234849524035215,
        -1.294366703401997,
        1.4475193130528716,
        0.7496635209026064,
        -0.8383655280575596,
        0.9375629719703854
      ]
    ]
  }
}